users;pair;weight
manomachine;geoengineering-srm;72
manomachine;geoengineering-nwo;6
manomachine;geoengineering-otb;1
manomachine;geoengineering-haarp;18
manomachine;geoengineering-globalwarming;1
manomachine;geoengineering-morgellons;1
manomachine;geoengineering-nexrad;15
manomachine;geoengineering-weather;9
manomachine;geoengineering-obama;1
manomachine;geoengineering-monsanto;2
manomachine;geoengineering-health;1
manomachine;geoengineering-lookup;10
manomachine;geoengineering-snowden;1
manomachine;geoengineering-pollution;1
manomachine;geoengineering-uk;1
manomachine;geoengineering-gmo;3
manomachine;geoengineering-science;1
manomachine;geoengineering-vaccines;1
manomachine;geoengineering-london;1
manomachine;geoengineering-nasa;1
manomachine;geoengineering-news;1
manomachine;geoengineering-snow;1
manomachine;geoengineering-weathermodification;1
manomachine;geoengineering-un;1
manomachine;srm-weather;9
manomachine;srm-uk;1
manomachine;srm-vaccines;1
manomachine;srm-weathermodification;1
manomachine;srm-un;1
manomachine;chemtrails-geoengineering;166
manomachine;chemtrails-srm;72
manomachine;chemtrails-nwo;6
manomachine;chemtrails-england;2
manomachine;chemtrails-otb;1
manomachine;chemtrails-climate;11
manomachine;chemtrails-haarp;18
manomachine;chemtrails-fluoride;1
manomachine;chemtrails-contrails;2
manomachine;chemtrails-globalwarming;1
manomachine;chemtrails-morgellons;1
manomachine;chemtrails-nexrad;15
manomachine;chemtrails-weather;9
manomachine;chemtrails-obama;1
manomachine;chemtrails-monsanto;2
manomachine;chemtrails-health;1
manomachine;chemtrails-depopulation;1
manomachine;chemtrails-lookup;10
manomachine;chemtrails-climatechange;5
manomachine;chemtrails-cia;4
manomachine;chemtrails-snowden;1
manomachine;chemtrails-pollution;1
manomachine;chemtrails-uk;1
manomachine;chemtrails-gmo;3
manomachine;chemtrails-science;1
manomachine;chemtrails-fracking;1
manomachine;chemtrails-vaccines;1
manomachine;chemtrails-london;1
manomachine;chemtrails-nasa;1
manomachine;chemtrails-news;1
manomachine;chemtrails-snow;1
manomachine;chemtrails-weathermodification;1
manomachine;chemtrails-un;1
manomachine;chemtrail-geoengineering;3
manomachine;chemtrail-srm;3
manomachine;chemtrail-chemtrails;3
manomachine;chemtrail-nwo;3
manomachine;chemtrail-england;2
manomachine;chemtrail-otb;1
manomachine;chemtrail-climate;3
manomachine;chemtrail-haarp;3
manomachine;chemtrail-fluoride;1
manomachine;chemtrail-contrails;2
manomachine;chemtrail-globalwarming;1
manomachine;chemtrail-morgellons;1
manomachine;chemtrail-nexrad;3
manomachine;chemtrail-weather;3
manomachine;chemtrail-obama;1
manomachine;chemtrail-monsanto;2
manomachine;chemtrail-health;1
manomachine;chemtrail-depopulation;1
manomachine;chemtrail-lookup;3
manomachine;chemtrail-climatechange;3
manomachine;chemtrail-cia;3
manomachine;chemtrail-snowden;1
manomachine;chemtrail-pollution;1
manomachine;chemtrail-uk;1
manomachine;chemtrail-gmo;3
manomachine;chemtrail-science;1
manomachine;chemtrail-fracking;1
manomachine;chemtrail-vaccines;1
manomachine;chemtrail-london;1
manomachine;chemtrail-nasa;1
manomachine;chemtrail-news;1
manomachine;chemtrail-snow;1
manomachine;chemtrail-weathermodification;1
manomachine;chemtrail-un;1
manomachine;nwo-srm;6
manomachine;nwo-otb;1
manomachine;nwo-weather;6
manomachine;nwo-obama;1
manomachine;nwo-snowden;1
manomachine;nwo-pollution;1
manomachine;nwo-uk;1
manomachine;nwo-science;1
manomachine;nwo-vaccines;1
manomachine;nwo-snow;1
manomachine;nwo-weathermodification;1
manomachine;nwo-un;1
manomachine;auspol-geoengineering;2
manomachine;auspol-srm;2
manomachine;auspol-chemtrails;2
manomachine;auspol-chemtrail;2
manomachine;auspol-nwo;2
manomachine;auspol-england;2
manomachine;auspol-otb;1
manomachine;auspol-climate;2
manomachine;auspol-haarp;2
manomachine;auspol-fluoride;1
manomachine;auspol-contrails;2
manomachine;auspol-globalwarming;1
manomachine;auspol-morgellons;1
manomachine;auspol-nexrad;2
manomachine;auspol-weather;2
manomachine;auspol-obama;1
manomachine;auspol-monsanto;2
manomachine;auspol-health;1
manomachine;auspol-depopulation;1
manomachine;auspol-lookup;2
manomachine;auspol-climatechange;2
manomachine;auspol-bioengineering;1
manomachine;auspol-chemclouds;2
manomachine;auspol-cia;2
manomachine;auspol-snowden;1
manomachine;auspol-pollution;1
manomachine;auspol-uk;1
manomachine;auspol-gmo;2
manomachine;auspol-science;1
manomachine;auspol-fracking;1
manomachine;auspol-vaccines;1
manomachine;auspol-london;1
manomachine;auspol-nasa;1
manomachine;auspol-news;1
manomachine;auspol-snow;1
manomachine;auspol-weathermodification;1
manomachine;auspol-un;1
manomachine;england-geoengineering;2
manomachine;england-srm;2
manomachine;england-nwo;2
manomachine;england-otb;1
manomachine;england-haarp;2
manomachine;england-fluoride;1
manomachine;england-globalwarming;1
manomachine;england-morgellons;1
manomachine;england-nexrad;2
manomachine;england-weather;2
manomachine;england-obama;1
manomachine;england-monsanto;2
manomachine;england-health;1
manomachine;england-lookup;2
manomachine;england-snowden;1
manomachine;england-pollution;1
manomachine;england-uk;1
manomachine;england-gmo;2
manomachine;england-science;1
manomachine;england-fracking;1
manomachine;england-vaccines;1
manomachine;england-london;1
manomachine;england-nasa;1
manomachine;england-news;1
manomachine;england-snow;1
manomachine;england-weathermodification;1
manomachine;england-un;1
manomachine;otb-srm;1
manomachine;otb-weather;1
manomachine;otb-snowden;1
manomachine;otb-pollution;1
manomachine;otb-uk;1
manomachine;otb-science;1
manomachine;otb-vaccines;1
manomachine;otb-snow;1
manomachine;otb-weathermodification;1
manomachine;otb-un;1
manomachine;climate-geoengineering;11
manomachine;climate-srm;11
manomachine;climate-nwo;6
manomachine;climate-england;2
manomachine;climate-otb;1
manomachine;climate-haarp;11
manomachine;climate-fluoride;1
manomachine;climate-contrails;2
manomachine;climate-globalwarming;1
manomachine;climate-morgellons;1
manomachine;climate-nexrad;11
manomachine;climate-weather;9
manomachine;climate-obama;1
manomachine;climate-monsanto;2
manomachine;climate-health;1
manomachine;climate-depopulation;1
manomachine;climate-lookup;10
manomachine;climate-climatechange;5
manomachine;climate-snowden;1
manomachine;climate-pollution;1
manomachine;climate-uk;1
manomachine;climate-gmo;3
manomachine;climate-science;1
manomachine;climate-fracking;1
manomachine;climate-vaccines;1
manomachine;climate-london;1
manomachine;climate-nasa;1
manomachine;climate-news;1
manomachine;climate-snow;1
manomachine;climate-weathermodification;1
manomachine;climate-un;1
manomachine;haarp-srm;18
manomachine;haarp-nwo;6
manomachine;haarp-otb;1
manomachine;haarp-morgellons;1
manomachine;haarp-nexrad;15
manomachine;haarp-weather;9
manomachine;haarp-obama;1
manomachine;haarp-monsanto;2
manomachine;haarp-health;1
manomachine;haarp-lookup;10
manomachine;haarp-snowden;1
manomachine;haarp-pollution;1
manomachine;haarp-uk;1
manomachine;haarp-science;1
manomachine;haarp-vaccines;1
manomachine;haarp-london;1
manomachine;haarp-nasa;1
manomachine;haarp-news;1
manomachine;haarp-snow;1
manomachine;haarp-weathermodification;1
manomachine;haarp-un;1
manomachine;fluoride-geoengineering;1
manomachine;fluoride-srm;1
manomachine;fluoride-nwo;1
manomachine;fluoride-otb;1
manomachine;fluoride-haarp;1
manomachine;fluoride-globalwarming;1
manomachine;fluoride-morgellons;1
manomachine;fluoride-nexrad;1
manomachine;fluoride-weather;1
manomachine;fluoride-obama;1
manomachine;fluoride-monsanto;1
manomachine;fluoride-health;1
manomachine;fluoride-lookup;1
manomachine;fluoride-snowden;1
manomachine;fluoride-pollution;1
manomachine;fluoride-uk;1
manomachine;fluoride-gmo;1
manomachine;fluoride-science;1
manomachine;fluoride-fracking;1
manomachine;fluoride-vaccines;1
manomachine;fluoride-london;1
manomachine;fluoride-nasa;1
manomachine;fluoride-news;1
manomachine;fluoride-snow;1
manomachine;fluoride-weathermodification;1
manomachine;fluoride-un;1
manomachine;contrails-geoengineering;2
manomachine;contrails-srm;2
manomachine;contrails-nwo;2
manomachine;contrails-england;2
manomachine;contrails-otb;1
manomachine;contrails-haarp;2
manomachine;contrails-fluoride;1
manomachine;contrails-globalwarming;1
manomachine;contrails-morgellons;1
manomachine;contrails-nexrad;2
manomachine;contrails-weather;2
manomachine;contrails-obama;1
manomachine;contrails-monsanto;2
manomachine;contrails-health;1
manomachine;contrails-depopulation;1
manomachine;contrails-lookup;2
manomachine;contrails-snowden;1
manomachine;contrails-pollution;1
manomachine;contrails-uk;1
manomachine;contrails-gmo;2
manomachine;contrails-science;1
manomachine;contrails-fracking;1
manomachine;contrails-vaccines;1
manomachine;contrails-london;1
manomachine;contrails-nasa;1
manomachine;contrails-news;1
manomachine;contrails-snow;1
manomachine;contrails-weathermodification;1
manomachine;contrails-un;1
manomachine;globalwarming-srm;1
manomachine;globalwarming-nwo;1
manomachine;globalwarming-otb;1
manomachine;globalwarming-haarp;1
manomachine;globalwarming-morgellons;1
manomachine;globalwarming-nexrad;1
manomachine;globalwarming-weather;1
manomachine;globalwarming-obama;1
manomachine;globalwarming-monsanto;1
manomachine;globalwarming-health;1
manomachine;globalwarming-lookup;1
manomachine;globalwarming-snowden;1
manomachine;globalwarming-pollution;1
manomachine;globalwarming-uk;1
manomachine;globalwarming-gmo;1
manomachine;globalwarming-science;1
manomachine;globalwarming-vaccines;1
manomachine;globalwarming-london;1
manomachine;globalwarming-nasa;1
manomachine;globalwarming-news;1
manomachine;globalwarming-snow;1
manomachine;globalwarming-weathermodification;1
manomachine;globalwarming-un;1
manomachine;morgellons-srm;1
manomachine;morgellons-nwo;1
manomachine;morgellons-otb;1
manomachine;morgellons-nexrad;1
manomachine;morgellons-weather;1
manomachine;morgellons-obama;1
manomachine;morgellons-snowden;1
manomachine;morgellons-pollution;1
manomachine;morgellons-uk;1
manomachine;morgellons-science;1
manomachine;morgellons-vaccines;1
manomachine;morgellons-nasa;1
manomachine;morgellons-news;1
manomachine;morgellons-snow;1
manomachine;morgellons-weathermodification;1
manomachine;morgellons-un;1
manomachine;nexrad-srm;15
manomachine;nexrad-nwo;6
manomachine;nexrad-otb;1
manomachine;nexrad-weather;9
manomachine;nexrad-obama;1
manomachine;nexrad-snowden;1
manomachine;nexrad-pollution;1
manomachine;nexrad-uk;1
manomachine;nexrad-science;1
manomachine;nexrad-vaccines;1
manomachine;nexrad-snow;1
manomachine;nexrad-weathermodification;1
manomachine;nexrad-un;1
manomachine;weather-weathermodification;1
manomachine;aerosol-geoengineering;3
manomachine;aerosol-srm;3
manomachine;aerosol-chemtrails;3
manomachine;aerosol-chemtrail;3
manomachine;aerosol-nwo;3
manomachine;aerosol-auspol;2
manomachine;aerosol-england;2
manomachine;aerosol-otb;1
manomachine;aerosol-climate;3
manomachine;aerosol-haarp;3
manomachine;aerosol-fluoride;1
manomachine;aerosol-contrails;2
manomachine;aerosol-globalwarming;1
manomachine;aerosol-morgellons;1
manomachine;aerosol-nexrad;3
manomachine;aerosol-weather;3
manomachine;aerosol-obama;1
manomachine;aerosol-monsanto;2
manomachine;aerosol-health;1
manomachine;aerosol-depopulation;1
manomachine;aerosol-lookup;3
manomachine;aerosol-climatechange;3
manomachine;aerosol-bioengineering;1
manomachine;aerosol-chemclouds;2
manomachine;aerosol-cia;3
manomachine;aerosol-snowden;1
manomachine;aerosol-pollution;1
manomachine;aerosol-uk;1
manomachine;aerosol-gmo;3
manomachine;aerosol-science;1
manomachine;aerosol-fracking;1
manomachine;aerosol-vaccines;1
manomachine;aerosol-agenda21;1
manomachine;aerosol-london;1
manomachine;aerosol-nasa;1
manomachine;aerosol-news;1
manomachine;aerosol-snow;1
manomachine;aerosol-weathermodification;1
manomachine;aerosol-un;1
manomachine;obama-srm;1
manomachine;obama-otb;1
manomachine;obama-weather;1
manomachine;obama-snowden;1
manomachine;obama-pollution;1
manomachine;obama-uk;1
manomachine;obama-science;1
manomachine;obama-vaccines;1
manomachine;obama-snow;1
manomachine;obama-weathermodification;1
manomachine;obama-un;1
manomachine;monsanto-srm;2
manomachine;monsanto-nwo;2
manomachine;monsanto-otb;1
manomachine;monsanto-morgellons;1
manomachine;monsanto-nexrad;2
manomachine;monsanto-weather;2
manomachine;monsanto-obama;1
manomachine;monsanto-snowden;1
manomachine;monsanto-pollution;1
manomachine;monsanto-uk;1
manomachine;monsanto-science;1
manomachine;monsanto-vaccines;1
manomachine;monsanto-nasa;1
manomachine;monsanto-news;1
manomachine;monsanto-snow;1
manomachine;monsanto-weathermodification;1
manomachine;monsanto-un;1
manomachine;health-srm;1
manomachine;health-nwo;1
manomachine;health-otb;1
manomachine;health-morgellons;1
manomachine;health-nexrad;1
manomachine;health-weather;1
manomachine;health-obama;1
manomachine;health-monsanto;1
manomachine;health-lookup;1
manomachine;health-snowden;1
manomachine;health-pollution;1
manomachine;health-uk;1
manomachine;health-science;1
manomachine;health-vaccines;1
manomachine;health-london;1
manomachine;health-nasa;1
manomachine;health-news;1
manomachine;health-snow;1
manomachine;health-weathermodification;1
manomachine;health-un;1
manomachine;depopulation-geoengineering;1
manomachine;depopulation-srm;1
manomachine;depopulation-nwo;1
manomachine;depopulation-england;1
manomachine;depopulation-otb;1
manomachine;depopulation-haarp;1
manomachine;depopulation-fluoride;1
manomachine;depopulation-globalwarming;1
manomachine;depopulation-morgellons;1
manomachine;depopulation-nexrad;1
manomachine;depopulation-weather;1
manomachine;depopulation-obama;1
manomachine;depopulation-monsanto;1
manomachine;depopulation-health;1
manomachine;depopulation-lookup;1
manomachine;depopulation-snowden;1
manomachine;depopulation-pollution;1
manomachine;depopulation-uk;1
manomachine;depopulation-gmo;1
manomachine;depopulation-science;1
manomachine;depopulation-fracking;1
manomachine;depopulation-vaccines;1
manomachine;depopulation-london;1
manomachine;depopulation-nasa;1
manomachine;depopulation-news;1
manomachine;depopulation-snow;1
manomachine;depopulation-weathermodification;1
manomachine;depopulation-un;1
manomachine;lookup-srm;10
manomachine;lookup-nwo;6
manomachine;lookup-otb;1
manomachine;lookup-morgellons;1
manomachine;lookup-nexrad;10
manomachine;lookup-weather;9
manomachine;lookup-obama;1
manomachine;lookup-monsanto;2
manomachine;lookup-snowden;1
manomachine;lookup-pollution;1
manomachine;lookup-uk;1
manomachine;lookup-science;1
manomachine;lookup-vaccines;1
manomachine;lookup-nasa;1
manomachine;lookup-news;1
manomachine;lookup-snow;1
manomachine;lookup-weathermodification;1
manomachine;lookup-un;1
manomachine;climatechange-geoengineering;5
manomachine;climatechange-srm;5
manomachine;climatechange-nwo;5
manomachine;climatechange-england;2
manomachine;climatechange-otb;1
manomachine;climatechange-haarp;5
manomachine;climatechange-fluoride;1
manomachine;climatechange-contrails;2
manomachine;climatechange-globalwarming;1
manomachine;climatechange-morgellons;1
manomachine;climatechange-nexrad;5
manomachine;climatechange-weather;5
manomachine;climatechange-obama;1
manomachine;climatechange-monsanto;2
manomachine;climatechange-health;1
manomachine;climatechange-depopulation;1
manomachine;climatechange-lookup;5
manomachine;climatechange-snowden;1
manomachine;climatechange-pollution;1
manomachine;climatechange-uk;1
manomachine;climatechange-gmo;3
manomachine;climatechange-science;1
manomachine;climatechange-fracking;1
manomachine;climatechange-vaccines;1
manomachine;climatechange-london;1
manomachine;climatechange-nasa;1
manomachine;climatechange-news;1
manomachine;climatechange-snow;1
manomachine;climatechange-weathermodification;1
manomachine;climatechange-un;1
manomachine;bioengineering-geoengineering;1
manomachine;bioengineering-srm;1
manomachine;bioengineering-chemtrails;1
manomachine;bioengineering-chemtrail;1
manomachine;bioengineering-nwo;1
manomachine;bioengineering-england;1
manomachine;bioengineering-otb;1
manomachine;bioengineering-climate;1
manomachine;bioengineering-haarp;1
manomachine;bioengineering-fluoride;1
manomachine;bioengineering-contrails;1
manomachine;bioengineering-globalwarming;1
manomachine;bioengineering-morgellons;1
manomachine;bioengineering-nexrad;1
manomachine;bioengineering-weather;1
manomachine;bioengineering-obama;1
manomachine;bioengineering-monsanto;1
manomachine;bioengineering-health;1
manomachine;bioengineering-depopulation;1
manomachine;bioengineering-lookup;1
manomachine;bioengineering-climatechange;1
manomachine;bioengineering-chemclouds;1
manomachine;bioengineering-cia;1
manomachine;bioengineering-snowden;1
manomachine;bioengineering-pollution;1
manomachine;bioengineering-uk;1
manomachine;bioengineering-gmo;1
manomachine;bioengineering-science;1
manomachine;bioengineering-fracking;1
manomachine;bioengineering-vaccines;1
manomachine;bioengineering-london;1
manomachine;bioengineering-nasa;1
manomachine;bioengineering-news;1
manomachine;bioengineering-snow;1
manomachine;bioengineering-weathermodification;1
manomachine;bioengineering-un;1
manomachine;chemclouds-geoengineering;2
manomachine;chemclouds-srm;2
manomachine;chemclouds-chemtrails;2
manomachine;chemclouds-chemtrail;2
manomachine;chemclouds-nwo;2
manomachine;chemclouds-england;2
manomachine;chemclouds-otb;1
manomachine;chemclouds-climate;2
manomachine;chemclouds-haarp;2
manomachine;chemclouds-fluoride;1
manomachine;chemclouds-contrails;2
manomachine;chemclouds-globalwarming;1
manomachine;chemclouds-morgellons;1
manomachine;chemclouds-nexrad;2
manomachine;chemclouds-weather;2
manomachine;chemclouds-obama;1
manomachine;chemclouds-monsanto;2
manomachine;chemclouds-health;1
manomachine;chemclouds-depopulation;1
manomachine;chemclouds-lookup;2
manomachine;chemclouds-climatechange;2
manomachine;chemclouds-cia;2
manomachine;chemclouds-snowden;1
manomachine;chemclouds-pollution;1
manomachine;chemclouds-uk;1
manomachine;chemclouds-gmo;2
manomachine;chemclouds-science;1
manomachine;chemclouds-fracking;1
manomachine;chemclouds-vaccines;1
manomachine;chemclouds-london;1
manomachine;chemclouds-nasa;1
manomachine;chemclouds-news;1
manomachine;chemclouds-snow;1
manomachine;chemclouds-weathermodification;1
manomachine;chemclouds-un;1
manomachine;cia-geoengineering;4
manomachine;cia-srm;4
manomachine;cia-nwo;4
manomachine;cia-england;2
manomachine;cia-otb;1
manomachine;cia-climate;4
manomachine;cia-haarp;4
manomachine;cia-fluoride;1
manomachine;cia-contrails;2
manomachine;cia-globalwarming;1
manomachine;cia-morgellons;1
manomachine;cia-nexrad;4
manomachine;cia-weather;4
manomachine;cia-obama;1
manomachine;cia-monsanto;2
manomachine;cia-health;1
manomachine;cia-depopulation;1
manomachine;cia-lookup;4
manomachine;cia-climatechange;4
manomachine;cia-snowden;1
manomachine;cia-pollution;1
manomachine;cia-uk;1
manomachine;cia-gmo;3
manomachine;cia-science;1
manomachine;cia-fracking;1
manomachine;cia-vaccines;1
manomachine;cia-london;1
manomachine;cia-nasa;1
manomachine;cia-news;1
manomachine;cia-snow;1
manomachine;cia-weathermodification;1
manomachine;cia-un;1
manomachine;snowden-srm;1
manomachine;snowden-weather;1
manomachine;snowden-uk;1
manomachine;snowden-vaccines;1
manomachine;snowden-weathermodification;1
manomachine;snowden-un;1
manomachine;pollution-srm;1
manomachine;pollution-weather;1
manomachine;pollution-snowden;1
manomachine;pollution-uk;1
manomachine;pollution-science;1
manomachine;pollution-vaccines;1
manomachine;pollution-snow;1
manomachine;pollution-weathermodification;1
manomachine;pollution-un;1
manomachine;uk-weather;1
manomachine;uk-vaccines;1
manomachine;uk-weathermodification;1
manomachine;uk-un;1
manomachine;gmo-srm;3
manomachine;gmo-nwo;3
manomachine;gmo-otb;1
manomachine;gmo-haarp;3
manomachine;gmo-morgellons;1
manomachine;gmo-nexrad;3
manomachine;gmo-weather;3
manomachine;gmo-obama;1
manomachine;gmo-monsanto;2
manomachine;gmo-health;1
manomachine;gmo-lookup;3
manomachine;gmo-snowden;1
manomachine;gmo-pollution;1
manomachine;gmo-uk;1
manomachine;gmo-science;1
manomachine;gmo-vaccines;1
manomachine;gmo-london;1
manomachine;gmo-nasa;1
manomachine;gmo-news;1
manomachine;gmo-snow;1
manomachine;gmo-weathermodification;1
manomachine;gmo-un;1
manomachine;science-srm;1
manomachine;science-weather;1
manomachine;science-snowden;1
manomachine;science-uk;1
manomachine;science-vaccines;1
manomachine;science-snow;1
manomachine;science-weathermodification;1
manomachine;science-un;1
manomachine;fracking-geoengineering;1
manomachine;fracking-srm;1
manomachine;fracking-nwo;1
manomachine;fracking-otb;1
manomachine;fracking-haarp;1
manomachine;fracking-globalwarming;1
manomachine;fracking-morgellons;1
manomachine;fracking-nexrad;1
manomachine;fracking-weather;1
manomachine;fracking-obama;1
manomachine;fracking-monsanto;1
manomachine;fracking-health;1
manomachine;fracking-lookup;1
manomachine;fracking-snowden;1
manomachine;fracking-pollution;1
manomachine;fracking-uk;1
manomachine;fracking-gmo;1
manomachine;fracking-science;1
manomachine;fracking-vaccines;1
manomachine;fracking-london;1
manomachine;fracking-nasa;1
manomachine;fracking-news;1
manomachine;fracking-snow;1
manomachine;fracking-weathermodification;1
manomachine;fracking-un;1
manomachine;vaccines-weather;1
manomachine;vaccines-weathermodification;1
manomachine;agenda21-geoengineering;1
manomachine;agenda21-srm;1
manomachine;agenda21-chemtrails;1
manomachine;agenda21-chemtrail;1
manomachine;agenda21-nwo;1
manomachine;agenda21-auspol;1
manomachine;agenda21-england;1
manomachine;agenda21-otb;1
manomachine;agenda21-climate;1
manomachine;agenda21-haarp;1
manomachine;agenda21-fluoride;1
manomachine;agenda21-contrails;1
manomachine;agenda21-globalwarming;1
manomachine;agenda21-morgellons;1
manomachine;agenda21-nexrad;1
manomachine;agenda21-weather;1
manomachine;agenda21-obama;1
manomachine;agenda21-monsanto;1
manomachine;agenda21-health;1
manomachine;agenda21-depopulation;1
manomachine;agenda21-lookup;1
manomachine;agenda21-climatechange;1
manomachine;agenda21-bioengineering;1
manomachine;agenda21-chemclouds;1
manomachine;agenda21-cia;1
manomachine;agenda21-snowden;1
manomachine;agenda21-pollution;1
manomachine;agenda21-uk;1
manomachine;agenda21-gmo;1
manomachine;agenda21-science;1
manomachine;agenda21-fracking;1
manomachine;agenda21-vaccines;1
manomachine;agenda21-london;1
manomachine;agenda21-nasa;1
manomachine;agenda21-news;1
manomachine;agenda21-snow;1
manomachine;agenda21-weathermodification;1
manomachine;agenda21-un;1
manomachine;london-srm;1
manomachine;london-nwo;1
manomachine;london-otb;1
manomachine;london-morgellons;1
manomachine;london-nexrad;1
manomachine;london-weather;1
manomachine;london-obama;1
manomachine;london-monsanto;1
manomachine;london-lookup;1
manomachine;london-snowden;1
manomachine;london-pollution;1
manomachine;london-uk;1
manomachine;london-science;1
manomachine;london-vaccines;1
manomachine;london-nasa;1
manomachine;london-news;1
manomachine;london-snow;1
manomachine;london-weathermodification;1
manomachine;london-un;1
manomachine;nasa-srm;1
manomachine;nasa-nwo;1
manomachine;nasa-otb;1
manomachine;nasa-nexrad;1
manomachine;nasa-weather;1
manomachine;nasa-obama;1
manomachine;nasa-snowden;1
manomachine;nasa-pollution;1
manomachine;nasa-uk;1
manomachine;nasa-science;1
manomachine;nasa-vaccines;1
manomachine;nasa-news;1
manomachine;nasa-snow;1
manomachine;nasa-weathermodification;1
manomachine;nasa-un;1
manomachine;news-srm;1
manomachine;news-nwo;1
manomachine;news-otb;1
manomachine;news-nexrad;1
manomachine;news-weather;1
manomachine;news-obama;1
manomachine;news-snowden;1
manomachine;news-pollution;1
manomachine;news-uk;1
manomachine;news-science;1
manomachine;news-vaccines;1
manomachine;news-snow;1
manomachine;news-weathermodification;1
manomachine;news-un;1
manomachine;snow-srm;1
manomachine;snow-weather;1
manomachine;snow-snowden;1
manomachine;snow-uk;1
manomachine;snow-vaccines;1
manomachine;snow-weathermodification;1
manomachine;snow-un;1
manomachine;un-weather;1
manomachine;un-vaccines;1
manomachine;un-weathermodification;1